{"cameraMode":{"drawMode":0,"name":"Shaded","section":"Shading Mode"},"sceneLighting":false,"audioPlay":false,"sceneViewState":{"showFog":true,"showMaterialUpdate":false,"showSkybox":true,"showFlares":true,"showImageEffects":true,"showParticleSystems":true},"in2DMode":false,"pivot":{"x":1.3923856019973755,"y":2.036083221435547,"z":-3.49338960647583},"rotation":{"x":-0.000011141251889057457,"y":0.9999560117721558,"z":-0.00930965505540371,"w":-0.0011988385813310743},"size":5.583731174468994,"orthographic":false}