{"cameraMode":{"drawMode":0,"name":"Shaded","section":"Shading Mode"},"sceneLighting":true,"audioPlay":false,"sceneViewState":{"showFog":true,"showMaterialUpdate":false,"showSkybox":true,"showFlares":true,"showImageEffects":true,"showParticleSystems":true},"in2DMode":false,"pivot":{"x":-4.089964866638184,"y":2.195058584213257,"z":-2.1968655586242677},"rotation":{"x":-0.06493473798036576,"y":0.555979311466217,"z":-0.043627820909023288,"w":-0.8275065422058106},"size":15.243694305419922,"orthographic":false}